Workbook

Sheet Início
B5: EMPRESA
B6: =UPPER(Cad_Empresa!B6) -> TRANSPORTADORA RÁPIDA WEB
B8: GESTOR RESPONSÁVEL
B9: =PROPER(Cad_Empresa!B10) -> Ronald Ballow
B15: ENDEREÇO
B16: =CONCATENATE(PROPER(Cad_Empresa!B14),", ",Cad_Empresa!B18," - ",PROPER(Cad_Empresa!B22)) -> Rua Do Educador, 2500 - Uberlândia
M25: =TODAY() -> 45328

Sheet Cad_Empresa
B5: Nome de fantasia da empresa:
B6: transportadora rápida web
B9: Nome completo do gestor da empresa:
B10: ronald ballow
B13: Endereço:
B14: rua do educador
B17: Número:
B18: 2500
B21: Cidade:
B22: uberlândia

Sheet Cad_Veículos
A4: Código | B4: Placa | C4: Marca | D4: Modelo | E4: Combustível | F4: Ano Fabricação | G4: Data da Compra | H4: Estado da Compra | I4: Idade | J4: Provável Ano da Venda | K4: Prioridade na Venda
A5: 1 | B5: OPM-7610 | C5: Chevrolet | D5: Cobalt LTZ 1.8 | E5: Flex | F5: 2013 | G5: 41559 | H5: Novo | I5: =(TODAY()-G5)/365 -> 10.326027 | J5: =YEAR(G5)+5 -> 2018 | K5: =IF(I5>5,"Alta","Baixa") -> Alta
A6: 2 | B6: AAA-1234 | C6: Fiat | D6: Argo 1.4 | E6: Gasolina | F6: 2017 | G6: 42883 | H6: Novo | I6: =(TODAY()-G6)/365 -> 6.6986301 | J6: =YEAR(G6)+5 -> 2022 | K6: =IF(I6>5,"Alta","Baixa") -> Alta
A7: 3 | B7: BBB-0987 | C7: Volkswagen | D7: Gol 1.0 | E7: Flex | F7: 2015 | G7: 42197 | H7: Novo | I7: =(TODAY()-G7)/365 -> 8.5780822 | J7: =YEAR(G7)+5 -> 2020 | K7: =IF(I7>5,"Alta","Baixa") -> Alta
A8: 4
A9: 5

Sheet Cad_Motorista
A4: Código | B4: Nome | C4: Endereço | D4: Telefone | E4: CNH | F4: Categoria | G4: Vencimento | H4: Situação da CNH
A5: 1 | B5: Alberto Cunha Novaes | C5: Rua Jambolão, 25 | D5: 34991234567 | E5: 12345678900 | F5: D | G5: 43741 | H5: =IF(B5="","",IF(G5>Início!$M$25,"OK","Vencida")) -> Vencida
A6: 2 | B6: Luis Gonzaga Cunha | C6: Rua Ipês, 345 | D6: 34988881234 | E6: 98765432100 | F6: AE | G6: 43368 | H6: =IF(B6="","",IF(G6>Início!$M$25,"OK","Vencida")) -> Vencida
H7: =IF(B7="","",IF(G7>Início!$M$25,"OK","Vencida"))
H8: =IF(B8="","",IF(G8>Início!$M$25,"OK","Vencida"))

Sheet Ind_Km_Veículos
A4: Ano | B4: Quilômetros Rodados Total da Frota | D4: Maior Quilometragem Mensal | F4: Menor Quilometragem Mensal | H4: Número de Veículos da Frota
A5: 2018 | B5: =N12 -> 38414 | D5: =MAX(B9:M11) -> 1615 | F5: =MIN(B9:M11) -> 636 | H5: =COUNTA(A9:A11) -> 3
A8: Veículo | B8: Janeiro | C8: Fevereiro | D8: Março | E8: Abril | F8: Maio | G8: Junho | H8: Julho | I8: Agosto | J8: Setembro | K8: Outubro | L8: Novembro | M8: Dezembro | N8: Total | O8: Média
A9: OPM-7610 | B9: 958 | C9: 873 | D9: 1011 | E9: 909 | F9: 682 | G9: 705 | H9: 858 | I9: 950 | J9: 919 | K9: 878 | L9: 824 | M9: 932 | N9: =SUM(B9:M9) -> 10499 | O9: =AVERAGE(B9:M9) -> 874.91667
A10: AAA-1234 | B10: 1280 | C10: 1154 | D10: 1365 | E10: 1289 | F10: 1434 | G10: 1499 | H10: 1389 | I10: 1449 | J10: 1038 | K10: 1152 | L10: 1068 | M10: 1433 | N10: =SUM(B10:M10) -> 15550 | O10: =AVERAGE(B10:M10) -> 1295.8333
A11: BBB-0987 | B11: 1053 | C11: 766 | D11: 1615 | E11: 1180 | F11: 923 | G11: 784 | H11: 1286 | I11: 751 | J11: 1036 | K11: 1011 | L11: 636 | M11: 1324 | N11: =SUM(B11:M11) -> 12365 | O11: =AVERAGE(B11:M11) -> 1030.4167
A12: Total | B12: =SUM(B9:B11) -> 3291 | C12: =SUM(C9:C11) -> 2793 | D12: =SUM(D9:D11) -> 3991 | E12: =SUM(E9:E11) -> 3378 | F12: =SUM(F9:F11) -> 3039 | G12: =SUM(G9:G11) -> 2988 | H12: =SUM(H9:H11) -> 3533 | I12: =SUM(I9:I11) -> 3150 | ... N12: =SUM(N9:N11) -> 38414 | O12: =AVERAGE(B12:M12) -> 3201.1667
A13: Média | B13: =AVERAGE(B9:B11) -> 1097 | C13: =AVERAGE(C9:C11) -> 931 | D13: =AVERAGE(D9:D11) -> 1330.3333 | E13: =AVERAGE(E9:E11) -> 1126 | F13: =AVERAGE(F9:F11) -> 1013 | G13: =AVERAGE(G9:G11) -> 996 | H13: =AVERAGE(H9:H11) -> 1177.6667 | I13: =AVERAGE(I9:I11) -> 1050 | ... N13: =AVERAGE(N9:N11) -> 12804.667
